{
  "images" : [
    {
      "idiom" : "universal",
      "filename" : "outline_favorite_border_black_24pt_1x.png",
      "scale" : "1x"
    },
    {
      "idiom" : "universal",
      "filename" : "outline_favorite_border_black_24pt_2x.png",
      "scale" : "2x"
    },
    {
      "idiom" : "universal",
      "filename" : "outline_favorite_border_black_24pt_3x.png",
      "scale" : "3x"
    }
  ],
  "info" : {
    "version" : 1,
    "author" : "xcode"
  },
  "properties" : {
    "template-rendering-intent" : "template"
  }
}